{
  "hash": "1b3e4ccb",
  "configHash": "d126ea55",
  "lockfileHash": "c4ce2768",
  "browserHash": "6f6dc3ac",
  "optimized": {
    "@angular/core": {
      "src": "../../../../../node_modules/@angular/core/fesm2022/core.mjs",
      "file": "@angular_core.js",
      "fileHash": "d7246b93",
      "needsInterop": false
    },
    "@angular/platform-browser": {
      "src": "../../../../../node_modules/@angular/platform-browser/fesm2022/platform-browser.mjs",
      "file": "@angular_platform-browser.js",
      "fileHash": "ca8524f0",
      "needsInterop": false
    },
    "@angular/router": {
      "src": "../../../../../node_modules/@angular/router/fesm2022/router.mjs",
      "file": "@angular_router.js",
      "fileHash": "9087dd52",
      "needsInterop": false
    }
  },
  "chunks": {
    "chunk-3PGPYDTF": {
      "file": "chunk-3PGPYDTF.js"
    },
    "chunk-IKJ4S2J2": {
      "file": "chunk-IKJ4S2J2.js"
    }
  }
}